City_ID,City,Lat,Lng,Max Temp,Humidity,Cloudiness,Wind Speed,Country,Date
0,port-aux-francais,-49.35,70.2167,5.11,88,87,14.84,TF,1737658125
1,kindu,-2.95,25.95,21.46,99,100,1.68,CD,1737658126
2,port lincoln,-34.7333,135.8667,15.61,78,0,3.08,AU,1737658127
3,waitangi,-43.9535,-176.5597,16.57,99,99,2.74,NZ,1737658129
4,kupang,-10.1667,123.5833,26.32,100,100,0.51,ID,1737658130
5,bethel,41.3712,-73.414,-1.1,51,0,5.66,US,1737658131
6,yulinshi,38.2906,109.7494,1.07,47,100,2.09,CN,1737658133
7,st. john's,47.5649,-52.7093,-6.51,60,75,9.77,CA,1737658134
8,cogealac,44.55,28.5667,5.02,85,5,1.7,RO,1737658135
9,stanley,54.868,-1.6985,3.62,93,20,2.57,GB,1737658136
10,ardakan,32.31,54.0175,7.24,25,100,2.09,IR,1737658137
11,wailua homesteads,22.0669,-159.378,15.44,77,0,3.6,US,1737658139
12,tura,25.5198,90.2201,14.42,64,0,1.4,IN,1737658140
13,blackmans bay,-43.0167,147.3167,13.18,64,100,0.45,AU,1737658141
14,puerto natales,-51.7236,-72.4875,16.25,39,75,13.89,CL,1737658143
15,jiwani,25.05,61.7417,18.7,28,0,5.09,PK,1737658144
16,thompson,55.7435,-97.8558,-13.91,85,75,4.63,CA,1737658146
17,adamstown,-25.066,-130.1015,24.46,82,10,4.06,PN,1737658147
18,newman,37.3138,-121.0208,14.13,42,0,1.19,US,1737658148
19,mariehamn,60.0973,19.9348,1.92,93,100,6.69,AX,1737658149
20,ancud,-41.8697,-73.8203,15.53,69,100,5.1,CL,1737658150
21,dudinka,69.4058,86.1778,-39.42,97,12,3.62,RU,1737658151
22,labrador city,52.9463,-66.9114,-15.46,63,20,11.62,CA,1737658152
23,arraial do cabo,-22.9661,-42.0278,32.98,66,20,6.17,BR,1737658155
24,ribeira grande,38.5167,-28.7,18.22,88,75,10.8,PT,1737658156
25,el quebrachal,-25.2833,-64.0667,34.03,43,100,7.06,AR,1737658157
26,colonia,50.9333,6.95,4.95,79,0,5.14,DE,1737658158
27,bilibino,68.0546,166.4372,-31.75,99,100,1.83,RU,1737658159
28,el asintal,14.6,-91.7333,29.99,58,20,3.09,GT,1737658160
29,talnakh,69.4865,88.3972,-35.32,97,100,2.42,RU,1737658161
30,riyadh,24.6877,46.7219,14.79,32,0,4.26,SA,1737657870
31,ilulissat,69.2167,-51.1,-7.99,67,20,2.06,GL,1737658163
32,rehoboth,-23.3167,17.0833,30.55,26,86,2.82,NA,1737658164
33,kruisfontein,-34.0033,24.7314,20.46,85,100,5.87,ZA,1737658165
34,grytviken,-54.2811,-36.5092,6.08,77,100,3.79,GS,1737658167
35,hawaiian paradise park,19.5933,-154.9731,23.83,83,100,0.76,US,1737658168
36,trubchevsk,52.5798,33.7644,-2.02,79,99,2.53,RU,1737658169
37,daru,-9.0763,143.2092,25.77,92,100,4.22,PG,1737658170
38,lihue,21.9789,-159.3672,15.77,77,0,3.6,US,1737658127
39,diego de almagro,-26.3667,-70.05,31.01,15,0,8.67,CL,1737658172
40,kapuskasing,49.4169,-82.4331,-19.95,65,20,3.09,CA,1737658173
41,abalak,58.1286,68.5944,-18.12,89,100,4.63,RU,1737658174
42,humaita,-7.5061,-63.0208,27.18,85,89,1.67,BR,1737658175
43,edinburgh of the seven seas,-37.0676,-12.3116,17.81,92,100,4.18,SH,1737658176
44,puerto wilches,7.3483,-73.896,34.34,44,1,1.1,CO,1737658179
45,morehead city,34.7229,-76.726,3.89,62,0,5.14,US,1737658180
46,albany,42.6001,-73.9662,-3.38,40,100,1.79,US,1737658181
47,ad dawadimi,24.5077,44.3924,15.64,30,15,7.32,SA,1737658182
48,iqaluit,63.7506,-68.5145,-20.15,71,40,13.38,CA,1737658183
49,ghadamis,30.1337,9.5007,17.26,22,100,2.64,LY,1737658184
50,alice springs,-23.7,133.8833,24.75,23,100,0.0,AU,1737658185
51,yellowknife,62.456,-114.3525,-1.99,94,75,5.66,CA,1737657900
52,sitka,57.0531,-135.33,5.94,75,100,4.63,US,1737658159
53,east london,-33.0153,27.9116,23.52,83,0,9.26,ZA,1737658188
54,chegdomyn,51.1167,133.0167,-27.76,100,100,0.57,RU,1737658189
55,el-tor,28.2364,33.6254,20.08,45,0,8.75,EG,1737658191
56,west island,-12.1568,96.8225,26.99,78,100,2.57,CC,1737658192
57,nemuro,43.3236,145.575,2.45,83,100,7.22,JP,1737658193
58,bredasdorp,-34.5322,20.0403,21.26,86,33,2.49,ZA,1737658194
59,vegreville,53.5001,-112.0518,-0.97,69,100,4.63,CA,1737658195
60,dunay,42.8803,132.3375,-6.53,70,5,9.34,RU,1737658196
61,olonkinbyen,70.9221,-8.7187,-1.43,81,100,4.07,SJ,1737658197
62,qaqortoq,60.7167,-46.0333,-18.91,82,6,2.56,GL,1737658198
63,turpan,42.9333,89.1667,-0.27,39,100,0.63,CN,1737658199
64,la ronge,55.1001,-105.2842,-7.86,86,100,4.12,CA,1737658200
65,ceeldheer,3.8488,47.1806,23.83,75,0,9.45,SO,1737658201
66,tiksi,71.6872,128.8694,-34.52,96,38,0.87,RU,1737658202
67,ushuaia,-54.8,-68.3,14.81,44,75,4.63,AR,1737658029
68,zaragoza,41.6561,-0.8773,12.67,61,0,0.89,ES,1737658205
69,minas de marcona,-15.2119,-75.1103,22.72,56,13,7.84,PE,1737658206
70,geraldton,-28.7667,114.6,26.23,83,100,4.63,AU,1737658207
71,udachny,66.4167,112.4,-14.96,91,100,5.51,RU,1737658208
72,mugia,43.1041,-9.2179,11.06,74,100,8.14,ES,1737658209
73,alofi,-19.0595,-169.9187,26.94,94,66,0.51,NU,1737658210
74,sao joao da barra,-21.6403,-41.0511,32.05,84,7,5.09,BR,1737658211
75,phan rang-thap cham,11.5667,108.9833,20.9,89,100,1.74,VN,1737658212
76,sint michiel liber,12.15,-68.9833,30.9,66,20,6.17,CW,1737658213
77,ritchie,-29.038,24.6028,29.16,23,51,2.25,ZA,1737658214
78,tayga,56.06,85.6197,-23.7,94,100,5.14,RU,1737658216
79,hermanus,-34.4187,19.2345,22.11,93,25,2.08,ZA,1737658217
80,remire-montjoly,4.9167,-52.2667,24.02,88,75,5.66,GF,1737658218
81,buka,40.8108,69.1986,-3.39,55,0,2.25,UZ,1737658219
82,ciudad bolivar,8.1222,-63.5497,33.75,36,98,4.97,VE,1737658220
83,hasaki,35.7333,140.8333,9.43,67,6,3.64,JP,1737658221
84,touros,-5.1989,-35.4608,28.51,60,59,5.44,BR,1737658222
85,hamilton,39.1834,-84.5333,0.33,67,100,4.12,US,1737657747
86,badger,64.8,-147.5333,-5.57,92,75,0.0,US,1737658224
87,nouadhibou,20.931,-17.0347,20.99,64,0,9.77,MR,1737658227
88,hithadhoo,-0.6,73.0833,27.53,76,100,6.37,MV,1737658228
89,lagrange,33.0393,-85.0313,2.43,41,0,2.57,US,1737658229
90,crane,31.3974,-102.3501,6.06,24,0,4.02,US,1737658230
91,aasiaat,68.7098,-52.8699,-19.9,79,100,2.01,GL,1737658231
92,dobrotesti,44.2833,24.8833,6.64,79,27,0.46,RO,1737658233
93,port mathurin,-19.6833,63.4167,26.35,71,12,7.66,MU,1737658234
94,aldama,22.9167,-98.0667,14.84,57,100,1.97,MX,1737658235
95,miri,4.4148,114.0089,23.08,100,40,2.57,MY,1737658236
96,keflavik,64.0049,-22.5624,1.24,100,100,4.12,IS,1737658237
97,dunedin,-45.8742,170.5036,11.56,91,100,0.97,NZ,1737658062
98,puerto ayora,-0.7393,-90.3518,26.42,89,13,2.68,EC,1737658240
99,invercargill,-46.4,168.35,8.9,97,100,1.66,NZ,1737658241
100,mount gambier,-37.8333,140.7667,9.41,91,86,1.65,AU,1737658243
101,sanming,26.2486,117.6186,11.55,68,40,1.08,CN,1737658244
102,broken hill,-31.95,141.4333,13.86,61,0,8.01,AU,1737658245
103,kardzhali,41.65,25.3667,5.78,90,21,1.81,BG,1737658246
104,lata,40.1629,-8.3327,11.61,92,98,1.2,PT,1737658247
105,fairwood,47.4484,-122.1573,4.46,80,75,0.89,US,1737658248
106,jamestown,42.097,-79.2353,-4.21,56,75,5.14,US,1737658249
107,qujing,25.4833,103.7833,6.9,61,0,2.88,CN,1737658251
108,imbituba,-28.24,-48.6703,26.59,76,0,5.6,BR,1737658252
109,dakhla,23.6848,-15.958,20.01,77,40,6.69,EH,1737658253
110,barranca,-10.75,-77.7667,23.06,73,36,4.95,PE,1737658254
111,haiku-pauwela,20.9219,-156.3051,21.22,96,52,4.47,US,1737658255
112,utrik,11.2278,169.8474,26.19,76,6,9.72,MH,1737658256
113,fale old settlement,-9.3852,-171.2468,27.49,77,28,6.92,TK,1737658257
114,sao joao do paraiso,-15.3136,-42.0144,29.86,42,28,3.59,BR,1737658258
115,smithers,54.7804,-127.1743,-3.82,100,40,1.03,CA,1737658259
116,college,64.8569,-147.8028,-5.52,93,75,0.0,US,1737658260
117,lerwick,60.1545,-1.1494,5.83,72,93,8.3,GB,1737658261
118,tonghae,37.5439,129.1069,0.72,62,27,2.26,KR,1737658262
119,swakopmund,-22.6833,14.5333,19.1,84,33,4.68,NA,1737658263
120,kerikeri,-35.2268,173.9474,13.84,93,100,0.98,NZ,1737658265
121,bhachau,23.2833,70.35,18.56,49,3,4.66,IN,1737658266
122,kuanda,56.3161,116.0806,-24.66,95,97,0.39,RU,1737658267
123,itoman,26.1247,127.6694,18.38,94,86,7.2,JP,1737658268
124,kapa'a,22.0752,-159.319,16.18,77,0,3.6,US,1737658269
125,antsiranana,-12.2787,49.2917,23.94,89,100,1.32,MG,1737658270
126,uturoa,-16.7333,-151.4333,27.05,80,57,6.27,PF,1737658271
127,byerazino,53.8391,28.9879,0.54,97,100,4.42,BY,1737658272
128,broome,42.2506,-75.833,-2.43,44,99,5.36,US,1737658274
129,peterhead,57.5058,-1.7981,5.55,90,100,7.14,GB,1737658275
130,longyearbyen,78.2186,15.6401,-12.09,79,75,3.09,SJ,1737658276
131,enewetak,11.3474,162.3373,26.74,77,66,10.26,MH,1737658277
132,shitanjing,39.2342,106.3439,-0.13,99,100,2.34,CN,1737658278
133,naze,28.3667,129.4833,15.51,90,100,1.44,JP,1737657987
134,porto novo,6.4965,2.6036,27.9,77,95,2.92,BJ,1737658280
135,punta arenas,-53.15,-70.9167,15.06,51,40,17.49,CL,1737658281
136,lashkar gah,31.5938,64.3716,7.59,51,6,2.88,AF,1737658282
137,grand falls-windsor,48.9332,-55.6649,-7.5,71,100,1.79,CA,1737658283
138,bam,29.106,58.357,8.25,24,13,0.87,IR,1737658284
139,kavieng,-2.5744,150.7967,28.43,69,100,4.96,PG,1737658285
140,rongelap,11.1635,166.8941,26.27,77,59,10.07,MH,1737658287
141,villa gesell,-37.2639,-56.973,23.79,66,0,10.12,AR,1737658199
142,avarua,-21.2078,-159.775,28.03,74,20,2.06,CK,1737658289
143,bamboo flat,11.7,92.7167,26.05,73,40,1.03,IN,1737658290
144,thunder bay,48.4001,-89.3168,-17.01,60,100,4.63,CA,1737658292
145,kodiak,57.79,-152.4072,5.73,70,0,2.06,US,1737658293
146,new castle,41.0037,-80.347,-2.62,54,100,4.63,US,1737658294
147,jawf al maqbabah,13.8378,45.8349,18.4,80,60,1.71,YE,1737658296
148,fort st. john,56.2499,-120.8529,0.94,60,40,7.2,CA,1737658032
149,san luis de la loma,17.2706,-100.8939,29.06,51,0,2.93,MX,1737658298
150,santa marta,11.2408,-74.199,34.03,56,20,6.71,CO,1737658299
151,jinan,36.6683,116.9972,3.99,73,100,1.44,CN,1737658214
152,ta`u,-14.2336,-169.5144,28.0,77,21,6.33,AS,1737658301
153,suntar,62.1444,117.6319,-6.72,71,11,6.18,RU,1737658302
154,papatowai,-46.5619,169.4708,10.0,78,100,1.48,NZ,1737658303
155,luis correia,-2.8792,-41.6669,30.0,70,75,7.2,BR,1737658304
156,kailua-kona,19.6406,-155.9956,22.98,82,100,2.06,US,1737658035
157,zeya,53.75,127.2667,-25.86,99,69,1.49,RU,1737658306
158,petropavlovsk-kamchatsky,53.0452,158.6483,-16.67,55,0,4.0,RU,1737658307
159,caconda,-13.7333,15.0667,19.69,56,100,2.86,AO,1737658308
160,masterton,-40.9597,175.6575,15.5,92,92,1.99,NZ,1737658310
161,tshabong,-26.05,22.45,30.98,24,1,2.84,BW,1737658311
162,kayyerkan,69.3786,87.7439,-36.71,98,99,3.18,RU,1737658312
163,namibe,-15.1961,12.1522,22.91,78,58,3.65,AO,1737658314
164,chibougamau,49.9168,-74.3659,-13.21,72,100,3.09,CA,1737658315
165,sooke,48.3746,-123.7276,3.76,88,100,2.57,CA,1737658316
166,mhamid,29.82,-5.72,17.37,17,0,4.14,MA,1737658317
167,atar,20.5169,-13.0499,23.03,21,0,4.07,MR,1737658318
168,taroa,8.7058,171.2275,26.55,78,100,10.35,MH,1737658319
169,kingston,17.997,-76.7936,32.31,66,20,7.72,JM,1737658193
170,san kamphaeng,18.7449,99.1195,18.01,96,0,0.0,TH,1737658322
171,paramonga,-10.6667,-77.8333,23.34,76,35,4.88,PE,1737658323
172,cabo san lucas,22.8909,-109.9124,23.17,52,20,3.09,MX,1737658096
173,aldinga beach,-35.2793,138.4604,14.24,81,2,3.0,AU,1737658325
174,bakanas,44.8081,76.2772,-17.94,80,4,2.8,KZ,1737658326
175,gizo,-8.103,156.8419,28.11,75,100,4.77,SB,1737658327
176,ostersund,63.1792,14.6357,-5.75,93,100,2.06,SE,1737658328
177,lebu,-37.6167,-73.65,17.4,67,71,4.3,CL,1737658329
178,ponta delgada,37.7333,-25.6667,17.4,88,75,10.29,PT,1737658331
179,jiuquan,39.7432,98.5174,-4.53,54,100,5.26,CN,1737658293
180,bel ombre,-4.6167,55.4167,24.91,100,40,2.57,SC,1737658333
181,amahai,-3.3333,128.9167,25.64,83,100,1.82,ID,1737658334
182,mon,26.75,95.1,14.06,82,39,1.39,IN,1737658335
183,elizabeth city,36.2946,-76.2511,1.01,62,0,3.6,US,1737658336
184,howrah,22.5892,88.3103,18.0,94,0,1.54,IN,1737658337
185,kastsyukovichy,53.3516,32.0506,-2.61,93,84,3.47,BY,1737658338
186,bodaybo,57.8506,114.1933,-13.95,96,100,0.38,RU,1737658340
187,charlestown,-32.95,151.6667,20.96,91,99,0.89,AU,1737658342
188,dryden,49.7833,-92.7503,-17.84,60,20,2.57,CA,1737658343
189,christchurch,-43.5333,172.6333,13.84,83,75,3.6,NZ,1737657647
190,the pas,53.8251,-101.2541,-11.99,79,40,4.63,CA,1737658345
191,nikolayevsk-on-amure,53.1406,140.73,-21.0,98,67,1.52,RU,1737658346
192,fristad,65.2,16.7167,-23.85,100,98,0.66,SE,1737658347
193,hirara,24.8,125.2833,17.15,100,20,1.03,JP,1737658348
194,ad dilam,23.9915,47.1627,15.11,36,0,3.78,SA,1737658349
195,port macquarie,-31.4333,152.9167,21.71,99,100,0.45,AU,1737658350
196,ibshaway,29.358,30.6814,16.09,63,8,4.53,EG,1737658351
197,puerto asis,0.5133,-76.5007,34.61,28,63,2.3,CO,1737658352
198,caibarien,22.5206,-79.4669,25.26,76,40,5.6,CU,1737658353
199,port elizabeth,-33.918,25.5701,22.16,93,40,6.17,ZA,1737658354
200,konigsbrunn,48.2667,10.8833,3.44,89,75,3.6,DE,1737658356
201,nova sintra,14.8667,-24.7167,22.08,71,81,13.44,CV,1737658357
202,chapada dos guimaraes,-15.4606,-55.7497,27.05,69,100,0.28,BR,1737658358
203,whitehorse,60.7161,-135.0538,-11.57,92,75,2.06,CA,1737658359
204,atafu village,-8.5421,-172.5159,27.25,76,5,6.45,TK,1737658360
205,tolanaro,-25.0319,46.9987,25.04,94,75,7.2,MG,1737658361
206,fisterra,42.9049,-9.2629,12.95,72,100,7.26,ES,1737658362
207,aridaia,40.9731,22.0564,7.3,61,22,0.46,GR,1737658363
208,margaret river,-33.95,115.0667,23.81,61,84,4.76,AU,1737658364
209,roccella ionica,38.322,16.4009,14.96,74,100,1.71,IT,1737658365
210,amble,55.3333,-1.5833,3.08,100,75,0.51,GB,1737658369
211,ghanzi,-21.5667,21.7833,24.8,45,95,2.87,BW,1737658370
212,primero de mayo,-32.2552,-58.4228,33.79,17,100,3.2,AR,1737658371
213,ar ruseris,11.8659,34.3869,29.47,28,2,5.86,SD,1737658372
214,pingnan,23.5543,110.3976,20.38,76,100,1.69,CN,1737658373
215,burabay,53.0838,70.3138,-28.02,87,100,2.52,KZ,1737658374
216,dem'yanovo,60.3511,47.0842,-5.08,94,100,5.6,RU,1737658375
217,samus',56.7475,84.6992,-22.16,93,100,4.18,RU,1737658376
218,ulanhot,46.0833,122.0833,-10.82,67,0,0.88,CN,1737658377
219,ust-nera,64.5667,143.2,-33.03,100,100,1.47,RU,1737658378
220,vorgashor,67.5833,63.95,-17.95,96,100,1.49,RU,1737658380
221,gijang,35.2442,129.2139,0.85,48,3,3.67,KR,1737658381
222,la passe,45.5549,-0.8967,7.96,83,3,4.09,FR,1737658382
223,shimoda,34.6667,138.95,9.59,63,39,5.91,JP,1737658383
224,sao vicente,-23.9631,-46.3919,29.98,66,20,2.68,BR,1737658384
225,cambria,35.5641,-121.0808,18.74,37,0,1.28,US,1737658385
226,aoulef,26.9667,1.0833,21.77,10,98,3.0,DZ,1737658386
227,archangelos,36.2149,28.1149,12.39,78,4,1.14,GR,1737658387
228,novo aripuana,-5.1206,-60.3797,29.91,67,31,1.25,BR,1737658388
229,oujda-angad,34.6805,-1.9076,14.35,47,0,0.51,MA,1737658389
230,tual,-5.6667,132.75,28.22,74,100,2.26,ID,1737658390
231,illizi,26.4833,8.4667,18.77,10,13,2.6,DZ,1737658391
232,calbuco,-41.768,-73.1273,16.88,62,96,1.99,CL,1737658393
233,klaksvik,62.2266,-6.589,5.97,79,86,11.91,FO,1737658394
234,i-n-salah,27.1935,2.4607,22.24,10,100,2.92,DZ,1737658395
235,cannonvale,-20.2833,148.7,27.66,83,11,4.02,AU,1737658396
236,cuitlahuac,18.8167,-96.7167,23.08,54,45,1.7,MX,1737658397
237,dwarka,22.2394,68.9678,20.66,51,4,5.79,IN,1737658398
238,malvan,16.0667,73.4667,24.31,69,100,4.67,IN,1737658399
239,kalaswala,32.2009,74.6491,10.73,38,0,2.21,PK,1737658400
240,mount isa,-20.7333,139.5,31.87,48,75,6.69,AU,1737658401
241,page,36.9147,-111.4558,2.84,23,0,3.13,US,1737658402
242,codrington,-38.2667,141.9667,14.1,69,100,5.03,AU,1737658403
243,tazovsky,67.4667,78.7,-29.63,100,91,2.73,RU,1737658404
244,usinsk,65.9939,57.5281,-11.82,95,100,7.64,RU,1737658406
245,cestos city,5.46,-9.5828,27.72,80,11,4.98,LR,1737658407
246,isafjordur,66.0755,-23.124,3.02,52,40,2.06,IS,1737658408
247,daltonganj,24.0333,84.0667,16.49,53,5,1.06,IN,1737658409
248,port alfred,-33.5906,26.891,21.77,89,38,2.24,ZA,1737658410
249,olenino,56.2092,33.4889,-2.24,95,99,3.51,RU,1737658411
250,nadvoitsy,63.8667,34.3167,-14.25,96,31,2.16,RU,1737658412
251,zhezqazghan,47.7833,67.7667,-30.78,94,18,2.48,KZ,1737658413
252,changyon,38.2508,125.0961,-1.65,48,87,1.04,KP,1737658415
253,atherton,53.5237,-2.4935,6.61,67,53,1.79,GB,1737658417
254,taoudenni,22.6783,-3.9836,25.66,9,100,2.31,ML,1737658418
255,lubao,14.9167,120.55,25.84,86,84,2.5,PH,1737658419
256,dhidhdhoo,6.8833,73.1,24.91,91,100,5.79,MV,1737658420
257,buenos aires,-34.6132,-58.3772,34.91,42,7,4.47,AR,1737658253
258,gubat,12.9206,124.1231,25.63,89,91,2.36,PH,1737658422
259,birobidzhan,48.8,132.95,-23.09,100,3,1.11,RU,1737658423
260,vanimo,-2.6741,141.3028,24.99,92,99,1.7,PG,1737658424
261,iskateley,67.6803,53.1512,-14.25,97,100,2.26,RU,1737658425
262,anadyr,64.75,177.4833,-13.72,84,100,1.79,RU,1737658426
263,general acha,-37.377,-64.6043,33.72,20,100,6.47,AR,1737658427
264,midvagur,62.0511,-7.1939,5.46,81,75,10.8,FO,1737658428
265,la paz,-16.5,-68.15,10.99,87,75,2.57,BO,1737658430
266,san antonio de pale,-1.4014,5.6325,26.34,78,96,3.82,GQ,1737658431
267,igoumenitsa,39.5039,20.2656,11.6,81,100,2.58,GR,1737658432
268,teshi old town,5.5836,-0.1072,28.31,89,40,5.14,GH,1737658433
269,kenai,60.5544,-151.2583,5.05,90,100,10.8,US,1737658434
270,ciudad lazaro cardenas,17.9583,-102.2,28.71,45,0,3.72,MX,1737658435
271,urengoy,65.9667,78.3667,-29.24,96,11,2.92,RU,1737658436
272,lodwar,3.1191,35.5973,30.43,29,27,0.95,KE,1737658437
273,can,40.0333,27.0524,6.77,85,1,1.32,TR,1737658438
274,kone,-21.0595,164.8658,23.61,88,90,1.13,NC,1737658439
275,markaz-e hukumat-e darweshan,31.1323,64.1934,7.81,51,55,1.65,AF,1737658441
276,launceston,-41.45,147.1667,13.8,94,75,3.6,AU,1737658442
277,fort bragg,35.139,-79.006,3.84,38,20,2.06,US,1737658443
278,berezovyy,51.6667,135.7,-21.89,96,0,1.65,RU,1737658444
279,huilong,31.8111,121.655,7.52,85,100,3.71,CN,1737658445
280,menomonie,44.8755,-91.9193,-12.95,56,0,5.66,US,1737658446
281,semporna,4.4818,118.6112,24.59,94,100,0.81,MY,1737658447
282,kabalo,-6.05,26.9167,21.37,95,43,1.45,CD,1737658448
283,villa regina,-39.1,-67.0667,32.21,14,98,2.68,AR,1737658449
284,kaga bandoro,6.9896,19.1874,28.16,15,30,0.8,CF,1737658450
285,qui nhon,13.7667,109.2333,18.45,89,33,2.15,VN,1737658451
286,diplo,24.4667,69.584,16.44,17,0,5.1,PK,1737658452
287,severo-yeniseyskiy,60.3725,93.0408,-24.42,89,100,6.05,RU,1737658453
288,al kharijah,25.4514,30.5464,15.45,47,0,3.51,EG,1737658455
289,salekhard,66.53,66.6019,-21.78,99,100,1.23,RU,1737658456
290,vievis,54.7667,24.8,1.88,78,100,5.53,LT,1737658457
291,sarmiento,-45.5882,-69.07,22.45,26,55,12.66,AR,1737658458
292,merizo village,13.2658,144.6691,27.31,84,33,8.22,GU,1737658459
293,mermoz boabab,14.7065,-17.4758,20.88,73,0,6.17,SN,1737658460
294,simferopol,44.9572,34.1108,4.71,85,59,2.32,UA,1737658461
295,luanda,-8.8368,13.2343,27.0,78,20,5.66,AO,1737658317
296,puerto baquerizo moreno,-0.9,-89.6,28.55,70,40,4.12,EC,1737658463
297,ajdabiya,30.7554,20.2263,16.92,34,100,2.32,LY,1737658464
298,willemstad,12.1084,-68.9335,30.95,66,20,6.17,CW,1737658466
299,coquimbo,-29.9533,-71.3436,21.66,52,0,6.69,CL,1737658467
300,taybad,34.74,60.7756,2.69,64,100,4.78,IR,1737658468
301,la mira,18.035,-102.3266,28.98,43,0,3.78,MX,1737658469
302,oranjemund,-28.55,16.4333,18.75,89,0,4.49,NA,1737658470
303,masuguru,-11.3667,38.4167,25.89,70,87,1.03,TZ,1737658471
304,korla,41.7597,86.1469,-4.22,43,100,3.39,CN,1737658472
305,mokhsogollokh,61.4681,128.9203,-23.38,99,51,1.05,RU,1737658473
306,lagos,6.5833,3.75,27.04,80,100,3.14,NG,1737657763
307,ulsteinvik,62.3432,5.8487,2.09,85,100,0.45,NO,1737658475
308,abaza,52.655,90.0928,-18.95,88,98,3.03,RU,1737658476
309,divnomorskoye,44.5011,38.1353,8.4,88,100,3.44,RU,1737658477
310,solleftea,63.1667,17.2667,-5.08,96,100,1.31,SE,1737658478
311,faya-largeau,17.9257,19.1043,22.85,21,0,7.92,TD,1737658480
312,chonchi,-42.6128,-73.8092,15.79,64,100,3.16,CL,1737658481
313,constantia,44.1833,28.65,5.38,79,6,2.65,RO,1737658482
314,sandnessjoen,66.0217,12.6316,-5.94,63,0,1.54,NO,1737658483
315,arboletes,8.8505,-76.4269,29.63,69,33,3.7,CO,1737658485
316,bomi,7.2461,-11.5258,26.37,71,8,3.08,SL,1737658486
317,sulphur springs,33.1385,-95.6011,10.4,32,0,3.6,US,1737658488
318,bayganin,48.6947,55.8742,-15.92,75,100,8.23,KZ,1737658489
319,atoyac de alvarez,17.2,-100.4333,30.56,51,0,2.48,MX,1737658490
320,refahiye,39.9008,38.7667,-3.28,95,100,1.87,TR,1737658491
321,rio grande,-32.035,-52.0986,27.03,63,99,5.4,BR,1737658492
322,nanguneri,8.4933,77.6581,22.45,82,30,3.5,IN,1737658494
323,kutum,14.2,24.6667,19.51,17,0,5.72,SD,1737658495
324,tangalle,6.024,80.7911,24.44,79,100,5.36,LK,1737658496
325,axim,4.8699,-2.2405,26.93,82,100,4.37,GH,1737658498
326,mawu,34.4307,104.9176,0.22,99,100,1.65,CN,1737658499
327,susuman,62.7833,148.1667,-37.96,100,96,1.02,RU,1737658500
328,nova vicosa,-17.8919,-39.3719,29.08,65,56,3.96,BR,1737658501
329,macapa,0.0389,-51.0664,31.99,62,40,4.12,BR,1737658502
330,barah,13.7,30.3667,23.34,19,19,5.73,SD,1737658503
331,mirnyy,62.5353,113.9611,-12.63,84,100,6.52,RU,1737658504
332,tolstoy-yurt,43.4444,45.7722,0.18,86,0,1.0,RU,1737658505
333,xianyang,34.3378,108.7026,2.58,87,100,2.0,CN,1737658506
334,gargalianoi,37.0667,21.6333,11.88,86,100,2.26,GR,1737658507
335,sola,-13.8833,167.55,28.21,77,100,4.49,VU,1737658508
336,konarka,19.9,86.1167,22.47,75,6,2.97,IN,1737658510
337,tralee,52.2704,-9.7026,6.14,75,0,4.63,IE,1737658512
338,puerto deseado,-47.7503,-65.8938,21.7,34,15,1.5,AR,1737658513
339,sinabang,2.4803,96.3801,24.07,97,100,1.35,ID,1737658514
340,el calafate,-50.3408,-72.2768,13.57,40,9,4.94,AR,1737658515
341,saipan,15.1355,145.701,27.39,76,40,6.69,MP,1737658516
342,vorkuta,67.5,64.0,-17.68,96,100,1.54,RU,1737658518
343,luderitz,-26.6481,15.1594,20.29,72,0,7.58,NA,1737658519
344,ternate,0.8,127.4,25.9,83,100,2.2,ID,1737658521
345,awjilah,29.1081,21.2869,16.67,33,91,1.97,LY,1737658522
346,gamba,-2.65,10.0,26.14,84,100,3.17,GA,1737658523
347,prado,-17.3411,-39.2208,28.11,70,0,3.78,BR,1737658524
348,erenhot,43.6475,111.9767,-6.84,58,0,3.04,CN,1737658525
349,sao felix do xingu,-6.6447,-51.995,31.21,56,18,1.57,BR,1737658526
350,amarante do maranhao,-5.5667,-46.7422,28.99,71,99,0.67,BR,1737658527
351,mendi,-6.1761,143.6513,13.7,96,100,0.8,PG,1737658528
352,praia da vitoria,38.7333,-27.0667,18.14,88,40,9.15,PT,1737658529
353,rio gallegos,-51.6226,-69.2181,20.03,21,40,10.29,AR,1737658530
354,namtsy,62.7161,129.6658,-24.35,100,100,1.0,RU,1737658531
355,aginskoye,51.1,114.53,-26.38,100,67,0.61,RU,1737658533
356,gazojak,41.1875,61.4036,-3.04,47,0,7.78,TM,1737658534
357,laguna,38.421,-121.4238,13.04,64,0,0.45,US,1737658535
358,la sarre,48.8002,-79.1996,-10.97,82,100,4.02,CA,1737658536
359,along,28.1667,94.7667,12.63,75,73,0.34,IN,1737658537
360,warrnambool,-38.3833,142.4833,13.64,75,98,4.12,AU,1737658538
361,linxia chengguanzhen,35.6003,103.2064,0.04,52,100,0.4,CN,1737658539
362,labytnangi,66.6572,66.4183,-23.34,99,100,0.62,RU,1737658540
363,kuruman,-27.4524,23.4325,28.81,25,98,1.88,ZA,1737658541
364,revda,56.801,59.9303,-12.06,72,100,7.08,RU,1737658542
365,westport,41.1415,-73.3579,-0.93,57,20,3.6,US,1737658543
366,richards bay,-28.783,32.0377,22.83,93,13,2.61,ZA,1737658544
367,okha,53.5739,142.9478,-21.77,100,79,2.05,RU,1737658546
368,izazi,-7.2,35.7333,21.54,83,64,0.83,TZ,1737658547
369,papao,-17.75,-149.55,28.82,82,27,7.91,PF,1737658548
370,bayanhongor,46.7167,100.1167,-16.43,79,100,0.97,MN,1737658549
371,mongo,12.1844,18.693,26.56,14,4,3.6,TD,1737658550
372,tomohon,1.3346,124.8392,18.52,98,100,0.46,ID,1737658551
373,egilsstadir,65.2653,-14.3948,3.95,81,100,3.6,IS,1737658552
374,vadso,70.0744,29.7487,-5.91,93,75,3.6,NO,1737658553
375,afaahiti,-17.75,-149.2833,25.72,83,43,7.5,PF,1737658554
376,urangan,-25.3,152.9,26.86,86,25,10.23,AU,1737658555
377,hammerfest,70.6634,23.6821,0.25,100,75,3.09,NO,1737658556
378,choibalsan,48.0667,114.5,-11.55,71,0,2.76,MN,1737658558
379,kabinda,-6.1333,24.4833,19.71,96,80,2.03,CD,1737658559
380,spassk-dal'niy,44.5978,132.8211,-16.71,100,93,0.43,RU,1737658560
381,baotou,40.6522,109.8222,-3.07,46,0,1.33,CN,1737658561
382,katsuura,35.1333,140.3,10.28,64,1,4.38,JP,1737658562
383,east ballina,-28.8667,153.5833,22.07,91,100,2.29,AU,1737658563
384,kialla,-36.4161,145.3954,14.44,73,9,8.57,AU,1737658564
385,beja,36.7256,9.1817,12.82,56,2,1.47,TN,1737658487
386,new norfolk,-42.7826,147.0587,13.84,91,94,1.2,AU,1737658566
387,taunsa,30.7048,70.6505,13.12,35,0,1.32,PK,1737658567
388,labasa,-16.4167,179.3833,26.79,86,90,2.85,FJ,1737658569
389,mogocha,53.7333,119.7667,-25.27,100,53,0.87,RU,1737658570
390,tabou,4.423,-7.3528,27.11,79,20,4.6,CI,1737658571
391,parry sound,45.3501,-80.033,-6.97,86,100,2.88,CA,1737658572
392,bucerias,20.75,-105.3333,23.99,64,0,3.6,MX,1737658573
393,snezhinsk,56.085,60.7314,-9.69,63,100,5.1,RU,1737658574
394,sao gabriel da cachoeira,-0.1303,-67.0892,26.89,83,75,2.06,BR,1737658578
395,kirensk,57.7853,108.1119,-12.4,86,100,3.9,RU,1737658579
396,saint-pierre,-21.3393,55.4781,27.82,69,0,2.57,RE,1737658580
397,peniche,39.3558,-9.3811,14.56,85,97,3.62,PT,1737658582
398,sao jose da coroa grande,-8.8978,-35.1478,28.06,61,3,4.48,BR,1737658583
399,curup,-3.4667,102.5333,20.85,97,100,1.04,ID,1737658584
400,shanhaiguan,39.9988,119.7564,-2.23,68,0,2.94,CN,1737658585
401,hinton,53.4001,-117.5857,-2.02,88,100,1.93,CA,1737658586
402,berriane,32.8265,3.7669,15.17,24,0,3.81,DZ,1737658587
403,bahir dar,11.5936,37.3908,19.76,34,18,2.45,ET,1737658588
404,bonga,7.2833,36.2333,21.35,42,99,0.51,ET,1737658589
405,santa flavia,38.085,13.5351,17.3,64,100,1.34,IT,1737658590
406,bobo-dioulasso,11.1771,-4.2979,34.25,17,83,1.03,BF,1737658591
407,vaasa,63.096,21.6158,-7.99,79,0,2.06,FI,1737658594
408,barra do garcas,-15.89,-52.2567,33.32,62,20,1.54,BR,1737658595
409,arteche,12.2645,125.4048,24.82,92,91,1.04,PH,1737658596
410,uglegorsk,49.0833,142.0333,-11.9,95,18,2.25,RU,1737658597
411,springbok,-29.6643,17.8865,19.75,52,4,2.33,ZA,1737658598
412,aitape,-3.1374,142.3475,25.23,86,72,1.85,PG,1737658599
413,kabompo,-13.5927,24.2008,18.44,96,78,0.91,ZM,1737658600
414,saint augustine beach,29.8505,-81.2654,8.92,65,100,6.17,US,1737658601
415,port douglas,-16.4833,145.4667,27.06,83,25,1.31,AU,1737658370
416,taro,-8.3862,115.28,19.51,97,100,0.57,ID,1737658605
417,mount pearl,47.5166,-52.7813,-6.82,63,75,9.77,CA,1737658606
418,caleta de carquin,-11.0925,-77.6267,23.72,74,17,5.05,PE,1737658607
419,san sebastian de la gomera,28.0916,-17.1133,20.2,63,40,2.57,ES,1737658608
420,szarvas,46.8667,20.55,5.38,94,100,2.31,HU,1737658609
421,kulhudhuffushi,6.6221,73.07,24.78,91,100,4.62,MV,1737658610
422,sanctuary point,-35.1114,150.629,16.9,94,99,4.56,AU,1737658611
423,dhulia,20.9,74.7833,23.04,34,31,3.76,IN,1737658612
424,pisco,-13.7,-76.2167,25.03,69,0,5.66,PE,1737658613
425,fortuna,40.5982,-124.1573,12.21,62,0,3.09,US,1737658615
426,holualoa,19.6228,-155.9522,20.91,91,100,2.06,US,1737658616
427,carnarvon,-24.8667,113.6333,26.03,81,89,7.93,AU,1737658617
428,saldanha,-33.0117,17.9442,22.03,94,16,5.17,ZA,1737658618
429,altay,47.8667,88.1167,-20.79,71,2,3.62,CN,1737658619
430,auki,-8.7676,160.7034,24.66,90,100,1.73,SB,1737658620
431,gaalkacyo,6.7697,47.4308,21.69,70,2,8.39,SO,1737658621
432,nema,57.5067,50.5011,-10.37,92,100,7.12,RU,1737658622
433,rameswaram,9.2833,79.3,25.97,76,67,7.59,IN,1737658623
434,sindirgi,39.2413,28.1784,8.9,84,3,2.09,TR,1737658624
435,krasnoslobodsk,48.7072,44.5714,-4.1,63,75,9.0,RU,1737658626
436,nizhniy odes,63.6445,54.856,-7.82,95,100,4.72,RU,1737658627
437,moyale,3.5167,39.0584,24.84,37,84,8.06,KE,1737658628
438,jiagedaqi,50.4167,124.1167,-25.02,100,44,1.49,CN,1737658629
439,kavaratti,10.5669,72.642,27.3,72,14,2.52,IN,1737658630
440,yasinya,48.2794,24.3604,1.3,99,100,1.91,UA,1737658631
441,catabola,-12.15,17.2833,19.32,71,99,1.4,AO,1737658632
442,arcachon,44.5875,-1.0519,5.03,87,0,1.03,FR,1737658451
443,timbuktu,16.7735,-3.0074,29.44,15,5,3.94,ML,1737658634
444,kismayo,-0.3582,42.5454,25.47,84,16,8.07,SO,1737658637
445,hilo,19.7297,-155.09,24.72,78,100,0.89,US,1737658638
446,mainit,9.535,125.5231,24.76,87,100,1.17,PH,1737658639
447,kingman,35.1894,-114.053,8.98,6,0,6.17,US,1737658620
448,kuala belait,4.5833,114.1833,24.23,94,100,1.7,BN,1737658641
449,acapulco de juarez,16.8634,-99.8901,25.67,66,0,2.76,MX,1737658471
450,svetlyy,54.675,20.1347,1.79,98,100,6.73,RU,1737658643
451,kurchum,48.5722,83.6542,-26.77,95,41,2.6,KZ,1737658644
452,ulladulla,-35.35,150.4667,16.56,92,99,4.52,AU,1737658645
453,yarmouth,41.7057,-70.2286,-0.51,70,100,0.89,US,1737658646
454,kolondieba,11.0882,-6.8926,30.43,16,7,1.49,ML,1737658648
455,minas,-34.3759,-55.2377,35.34,26,3,1.66,UY,1737658649
456,aswan,24.0934,32.907,20.61,30,0,2.06,EG,1737658650
457,wakkanai,45.4094,141.6739,-1.17,87,48,3.1,JP,1737658651
458,kembe,4.6228,21.8865,25.97,36,62,0.96,CF,1737658652
459,damara,4.9608,18.7035,30.21,39,100,1.67,CF,1737658653
460,lincoln,40.8,-96.667,-5.41,56,100,6.69,US,1737658654
461,pimampiro,0.4,-77.9667,21.28,44,26,4.05,EC,1737658655
462,castillos,-34.1667,-53.8333,26.81,65,89,5.31,UY,1737658656
463,paide,58.8856,25.5572,0.18,94,100,3.6,EE,1737658657
464,happy valley-goose bay,53.3168,-60.3315,-14.83,61,20,7.72,CA,1737658659
465,melfort,52.8667,-104.6177,-8.93,79,100,6.17,CA,1737658660
466,nadi,-17.8,177.4167,25.0,94,40,0.0,FJ,1737658661
467,buckeye,33.3703,-112.5838,16.79,7,0,3.6,US,1737658374
468,chimbarongo,-34.7,-71.05,32.86,10,0,3.66,CL,1737658663
469,masuda,34.6667,131.85,5.86,78,100,2.52,JP,1737658664
470,kolyvan',55.3053,82.7391,-23.27,93,100,4.83,RU,1737658665
471,ozernyy,55.5802,32.4127,-1.1,90,91,3.27,RU,1737658666
472,tindouf,27.6711,-8.1474,22.25,12,0,1.54,DZ,1737658667
473,trongsa,27.5026,90.5072,3.4,75,100,0.53,BT,1737658669
474,pathein,16.7833,94.7333,19.17,88,100,2.06,MM,1737658670
475,zambezi,-13.5432,23.1047,19.65,88,82,0.89,ZM,1737658671
476,marquette,46.5333,-87.6335,-11.21,68,100,3.13,US,1737658672
477,montelimar,44.5584,4.7509,8.74,85,3,3.53,FR,1737658673
478,ullal,12.8,74.85,25.53,78,63,0.0,IN,1737658674
479,port moresby,-9.4431,147.1797,24.13,90,100,3.62,PG,1737658675
480,aykhal,66.0,111.5,-18.14,89,100,11.34,RU,1737658676
481,northam,51.0333,-4.2167,7.11,74,100,1.34,GB,1737658677
482,ola,59.5833,151.2833,-25.3,85,96,2.88,RU,1737658678
483,lebanon,36.2081,-86.2911,6.01,47,0,3.09,US,1737658679
484,berdigestyakh,62.0989,126.6992,-15.76,92,100,2.95,RU,1737658681
485,valle de santiago,20.3833,-101.2,27.53,18,0,0.43,MX,1737658683
486,paita,-5.0892,-81.1144,24.53,70,7,6.5,PE,1737658684
487,barra do corda,-5.5,-45.25,28.99,75,100,1.36,BR,1737658685
488,pyin oo lwin,22.0333,96.4667,13.99,57,0,0.3,MM,1737658686
489,tchollire,8.4022,14.1698,26.9,16,3,1.09,CM,1737658687
490,alotau,-10.3069,150.4462,25.73,92,100,1.62,PG,1737658688
491,santa elena de uairen,4.6167,-61.1333,25.77,55,100,1.69,VE,1737658690
492,karratha,-20.7377,116.8463,29.4,71,34,8.19,AU,1737658691
493,sicuani,-14.2694,-71.2261,12.92,71,100,5.52,PE,1737658692
494,nar'yan-mar,67.6713,53.087,-14.28,97,100,2.22,RU,1737658693
495,vilyuchinsk,52.9306,158.4028,-15.85,90,13,4.1,RU,1737658694
496,tyukalinsk,55.8732,72.1967,-28.8,91,28,3.69,RU,1737658695
497,luena,-11.7833,19.9167,20.99,67,100,0.46,AO,1737658696
498,snyder,32.7179,-100.9176,6.19,24,75,4.12,US,1737658697
499,rakops,-21.0167,24.3333,26.84,45,27,2.79,BW,1737658698
500,todos santos,23.45,-110.2167,20.25,69,100,4.19,MX,1737658700
501,tanaina,61.6269,-149.4281,1.69,93,100,4.63,US,1737658701
502,mutsu,41.2894,141.2169,3.84,78,100,7.15,JP,1737658702
503,singaraja,-8.112,115.0882,26.03,82,100,3.28,ID,1737658703
504,yuzhno-kurilsk,44.0306,145.8556,0.79,98,100,2.84,RU,1737658704
505,north bend,43.4065,-124.2243,10.09,71,0,1.54,US,1737658705
506,chunskiy,56.0815,99.6342,-21.81,98,100,1.04,RU,1737658706
507,portachuelo,-17.35,-63.4,26.02,81,76,5.11,BO,1737658707
508,levuka,50.1834,-105.4011,-7.15,79,75,7.72,CA,1737658708
509,manggar,-2.8833,108.2667,25.82,87,100,1.8,ID,1737658709
510,voskresenskoye,56.8381,45.4317,-7.88,92,100,5.14,RU,1737658710
511,motueka,-41.1333,173.0167,20.05,82,100,1.5,NZ,1737658711
512,hastings,50.8552,0.5729,8.21,50,81,11.08,GB,1737658713
513,pacific grove,36.6177,-121.9166,19.12,68,0,1.45,US,1737658714
514,bahia blanca,-38.7196,-62.2724,36.48,16,100,5.51,AR,1737658715
515,thinadhoo,0.5333,72.9333,27.48,76,100,4.94,MV,1737658716
516,pavlohrad,48.5167,35.8667,1.44,92,100,3.35,UA,1737658717
517,las cruces,32.3123,-106.7783,6.11,22,0,4.92,US,1737658537
518,vila do maio,15.1333,-23.2167,22.23,67,49,9.36,CV,1737658719
519,pangody,65.85,74.4859,-23.72,94,100,4.3,RU,1737658720
520,kaa-khem,51.6833,94.7333,-20.08,95,85,2.11,RU,1737658721
521,bhan,26.5583,67.7214,14.78,20,0,1.99,PK,1737658722
522,kestel,40.1983,29.2124,9.24,81,18,1.14,TR,1737658723
523,posto fiscal rolim de moura,-13.0833,-62.2667,29.2,61,96,1.39,BR,1737658725
524,xining,36.6167,101.7667,-1.75,54,100,0.57,CN,1737658726
525,mana,5.6592,-53.7767,25.0,90,100,4.26,GF,1737658727
526,deridder,30.8463,-93.289,10.98,30,0,3.09,US,1737658728
527,cole harbour,44.6724,-63.4751,-3.91,72,100,7.2,CA,1737658729
528,semenov,56.7875,44.493,-7.59,93,100,4.76,RU,1737658730
529,bubaque,11.2833,-15.8333,24.29,72,5,9.12,GW,1737658731
530,al bardiyah,31.7561,25.0865,15.17,66,7,3.0,LY,1737658732
531,jebrail,39.3992,47.0283,1.53,91,14,0.08,AZ,1737658733
532,ndele,8.4109,20.6473,26.61,15,0,2.57,CF,1737658734
533,lycksele,64.5954,18.6735,-24.33,100,85,0.64,SE,1737658735
534,antofagasta,-23.65,-70.4,23.6,74,28,4.12,CL,1737658564
535,georgetown,5.4112,100.3354,25.96,93,20,1.54,MY,1737658738
536,lompoc,34.6391,-120.4579,22.61,18,0,2.38,US,1737658739
537,kirakira,-10.4544,161.9205,26.41,83,99,1.51,SB,1737658740
538,lockport,41.5895,-88.0578,-5.88,70,0,5.14,US,1737658741
539,nuku'alofa,-21.1333,-175.2,25.19,100,75,0.51,TO,1737658742
540,queenstown,-31.8976,26.8753,20.95,71,61,2.42,ZA,1737658743
541,weyburn,49.6668,-103.8511,-7.88,73,100,4.63,CA,1737658744
542,pirane,-25.7324,-59.1088,36.97,32,100,4.77,AR,1737658745
543,bodo,67.28,14.405,-1.98,64,0,7.2,NO,1737658746
544,shache,38.4167,77.2406,-0.4,34,0,2.58,CN,1737658747
545,sur,22.5667,59.5289,19.08,45,0,6.08,OM,1737658748
546,skowhegan,44.7651,-69.7192,-4.97,53,100,3.73,US,1737658750
547,floro,61.5996,5.0328,-0.02,86,0,3.09,NO,1737658751
548,bonthe,7.5264,-12.505,26.73,70,10,4.86,SL,1737658752
549,shiqian,27.5225,108.2281,10.92,87,100,1.51,CN,1737658753
550,port shepstone,-30.7414,30.455,23.87,87,100,4.04,ZA,1737658754
551,kloulklubed,7.0419,134.2556,27.9,78,79,6.7,PW,1737658755
552,klyuchi,52.2667,79.1667,-22.96,94,100,4.36,RU,1737658756
553,nyurba,63.2842,118.3319,-6.09,74,70,6.15,RU,1737658757
554,mejit,10.2753,170.8646,26.31,74,5,9.62,MH,1737658758
555,yuanping,38.7153,112.7575,-1.69,59,3,0.33,CN,1737658759
556,nuuk,64.1835,-51.7216,-8.66,73,40,4.63,GL,1737658760
557,kristiansund,63.1115,7.732,-0.64,74,0,3.09,NO,1737658762
558,prince george,53.9166,-122.753,-0.77,95,0,4.63,CA,1737658763
559,san clemente del tuyu,-36.3569,-56.7235,23.83,68,0,4.97,AR,1737658548
560,marivan,35.5219,46.176,4.53,60,99,0.65,IR,1737658765
561,kanniyakumari,8.0833,77.5667,25.6,75,88,9.33,IN,1737658766
562,kostanay,53.1667,63.5833,-18.84,78,0,6.0,KZ,1737658540
563,south hedland,-20.4089,118.5983,29.96,79,2,5.66,AU,1737658768
564,razam,18.4667,83.6667,18.79,85,0,0.28,IN,1737658769
565,santiago de chuco,-8.15,-78.1833,13.64,73,100,1.2,PE,1737658770
566,gadzhiyevo,69.2551,33.3362,-12.74,90,100,7.28,RU,1737658772
567,kulykivka,51.3735,31.6466,-0.2,95,100,3.48,UA,1737658773
568,nova xavantina,-14.6667,-52.35,30.98,62,83,0.98,BR,1737658774
569,newton,42.337,-71.2092,-0.42,52,0,4.63,US,1737658775
570,palmer,42.1584,-72.3287,-1.71,53,98,1.34,US,1737658776
571,lysekil,58.2743,11.4358,2.84,98,100,0.89,SE,1737658777
572,diboll,31.1871,-94.781,11.23,35,50,2.48,US,1737658778
573,kill devil hills,36.0307,-75.676,1.1,75,0,4.12,US,1737658779
574,yanchep,-31.55,115.6833,24.05,75,18,3.62,AU,1737658780
575,general villegas,-35.0328,-63.0125,39.56,17,0,4.48,AR,1737658781
576,sidi merouane,36.5206,6.2611,12.77,56,0,0.71,DZ,1737658783
577,svetlogorsk,52.6333,29.7333,0.69,95,100,4.11,BY,1737658784
578,ambon,-3.6954,128.1814,29.57,100,100,1.12,ID,1737658785
